pid,pname,playtimes,update_date
1,Baobab,3669,2019-09-25 14:35:45.000000
2,Nemesia,7227,2016-08-28 20:03:14.000000
3,Goldenrod,7946,2019-10-26 17:14:02.000000
4,Fellenwort,8964,2017-02-02 04:14:37.000000
5,Huckleberry,1019,2019-11-30 14:03:01.000000
6,Candytuft,7585,2019-03-03 00:10:00.000000
7,Bearberry,8326,2017-01-24 12:19:10.000000
8,Groundberry,3880,2018-05-22 20:01:01.000000
9,Japanese Iris,7936,2016-11-24 18:35:21.000000
10,Morning Glory,9492,2016-10-05 22:32:29.000000
11,Cucumber,3463,2019-12-10 01:13:17.000000
12,Urn Plant,3516,2019-09-06 14:05:24.000000
13,California sycamore,308,2019-05-11 00:21:50.000000
14,Apple,1620,2016-06-26 14:22:15.000000
15,Cabbage,8493,2016-11-19 03:07:13.000000
16,Morning Glory,6953,2017-09-12 15:25:58.000000
17,Mistletoe,7390,2016-12-28 02:11:39.000000
18,Chestnut,6222,2020-03-18 16:55:34.000000
19,Dogwood,8804,2019-06-19 06:44:22.000000
20,Chestnut,4858,2021-10-05 09:11:21.000000
21,Madagascar Dragon Tree,5396,2017-04-15 09:43:23.000000
22,Baobab,1772,2019-07-15 13:29:37.000000
23,Easter orchid,1262,2021-09-21 09:12:44.000000
24,Ironwood,1425,2021-05-17 13:21:15.000000
25,Kauila,6106,2021-07-27 20:16:56.000000
26,Lily,1159,2019-03-15 18:56:38.000000
27,Indian paintbrush,193,2021-04-07 07:35:45.000000
28,Snowflake,2202,2018-04-13 21:35:37.000000
29,Dindle,9989,2017-08-10 04:49:03.000000
30,Cactus,5753,2017-01-05 22:44:07.000000
